{"train_loss": 6.777232192689553e-05, "_timestamp": 1686606009.0790334, "_runtime": 1983.5035853385925, "_step": 199, "test_loss": 0.3343788937109705, "test_accuracy": 93.94975414874001, "_wandb": {"runtime": 1983}}