{"train_loss": 2.8571428629220463e-05, "_timestamp": 1686601879.9823256, "_runtime": 1911.7355494499207, "_step": 197, "test_loss": 0.5861407398957743, "test_accuracy": 92.13275968039336}