{"train_loss": 1.922562842082698e-05, "_timestamp": 1686601907.5046732, "_runtime": 1939.2578971385956, "_step": 199, "test_loss": 0.7102923144133603, "test_accuracy": 91.29532882606023, "_wandb": {"runtime": 1938}}