{"train_loss": 6.992986163822934e-05, "_timestamp": 1686603803.5878046, "_runtime": 1701.9732456207275, "_step": 199, "test_loss": 0.4548414179937343, "test_accuracy": 93.32360172095882, "_wandb": {"runtime": 1701}}